,precision,recall,f1-score,auc_roc,final_score
LogisticRegression,0.6470588235294118,0.5892857142857143,0.616822429906542,0.8452388622974963,0.6746014575047911
RandomForest,0.6351931330472103,0.5285714285714286,0.5769980506822612,0.8426477356406481,0.6458525869853871
SVC,0.6403162055335968,0.5785714285714286,0.6078799249530957,0.8375207106038292,0.6660720674154876
