{
    "classification_report": {
        "0": {
            "precision": 0.8396111786148238,
            "recall": 0.8904639175257731,
            "f1-score": 0.8642901813633521,
            "support": 776.0
        },
        "1": {
            "precision": 0.6351931330472103,
            "recall": 0.5285714285714286,
            "f1-score": 0.5769980506822612,
            "support": 280.0
        },
        "accuracy": 0.7945075757575758,
        "macro avg": {
            "precision": 0.7374021558310171,
            "recall": 0.7095176730486008,
            "f1-score": 0.7206441160228066,
            "support": 1056.0
        },
        "weighted avg": {
            "precision": 0.7854094241082596,
            "recall": 0.7945075757575758,
            "f1-score": 0.7881142376221537,
            "support": 1056.0
        }
    },
    "auc_roc": 0.8426477356406481
}